"id","pair_id","close_date","open_date","high_date","low_date","open","close","low","high","current_price","ema200","histogram_macd","rsi","macd","signal_macd","volume","avg_volume","code"
"457","22",NULL,"2017-08-14 00:00:00",NULL,NULL,"4261.48","4086.29","3850","4485.39",NULL,"0","0","0","0","0","12021576.48265154","0","1502668800000"
"458","22",NULL,"2017-08-21 00:00:00",NULL,NULL,"4069.13","4310.01","3400","4453.91",NULL,"0","0","0","0","0","18978983.50987317","0","1503273600000"
"459","22",NULL,"2017-08-28 00:00:00",NULL,NULL,"4310.01","4509.08","4124.54","4939.19",NULL,"0","0","0","0","0","21581679.92866748","0","1503878400000"
"460","22",NULL,"2017-09-04 00:00:00",NULL,NULL,"4505","4130.37","3603","4788.59",NULL,"0","0","0","0","0","27307824.36893929","0","1504483200000"
"461","22",NULL,"2017-09-11 00:00:00",NULL,NULL,"4153.62","3699.99","2817","4394.59",NULL,"0","0","0","0","0","30026796.42861788","0","1505088000000"
"462","22",NULL,"2017-09-18 00:00:00",NULL,NULL,"3690","3660.02","3505.55","4123.2",NULL,"0","0","0","0","0","22501242.65454204","0","1505692800000"
"463","22",NULL,"2017-09-25 00:00:00",NULL,NULL,"3660.02","4378.48","3653.69","4406.52",NULL,"0","0","0","0","0","23750419.76839855","0","1506297600000"
"464","22",NULL,"2017-10-02 00:00:00",NULL,NULL,"4400","4640","4110","4658",NULL,"0","0","0","0","0","20366578.25125568","0","1506902400000"
"465","22",NULL,"2017-10-09 00:00:00",NULL,NULL,"4640","5709.99","4550","5922.3",NULL,"0","0","0","0","0","42038755.95644524","0","1507507200000"
"466","22",NULL,"2017-10-16 00:00:00",NULL,NULL,"5710","5950.02","5037.95","6171",NULL,"0","0","0","0","0","69446644.86619961","0","1508112000000"
"467","22",NULL,"2017-10-23 00:00:00",NULL,NULL,"5975","6169.98","5286.98","6189.88",NULL,"0","0","0","0","0","75229774.73890872","0","1508716800000"
"468","22",NULL,"2017-10-30 00:00:00",NULL,NULL,"6133.01","7345.01","6030","7590.25",NULL,"0","0","0","0","0","79517426.5391578","0","1509321600000"
"469","22",NULL,"2017-11-06 00:00:00",NULL,NULL,"7345.1","5811.03","5325.01","7770.02",NULL,"0","0","0","0","0","126612916.75463176","0","1509926400000"
"470","22",NULL,"2017-11-13 00:00:00",NULL,NULL,"5839.94","8038","5699.99","8123.15",NULL,"0","0","0","0","0","146293856.48316985","0","1510531200000"
"471","22",NULL,"2017-11-20 00:00:00",NULL,NULL,"8057.11","9128.02","7801","9350",NULL,"0","0","75.703","0","0","240238717.93883663","67420829.871","1511136000000"
"472","22",NULL,"2017-11-27 00:00:00",NULL,NULL,"9128","11165.41","8520","11825",NULL,"0","0","79.495","0","0","493261876.5247408","101298179.372","1511740800000"
"473","22",NULL,"2017-12-04 00:00:00",NULL,NULL,"11165.41","14899.98","10802","17204.99",NULL,"0","0","84.278","0","0","1022228203.7964908","172772931.076","1512345600000"
"474","22",NULL,"2017-12-11 00:00:00",NULL,NULL,"14946.26","18860.02","14666.56","19798.68",NULL,"0","0","89.304","0","0","1143594375.3765807","252507684.72","1512950400000"
"475","22",NULL,"2017-12-18 00:00:00",NULL,NULL,"18860.04","13500","10961","19300",NULL,"0","0","70.703","0","0","1998479799.1145618","393111470.626","1513555200000"
"476","22",NULL,"2017-12-25 00:00:00",NULL,NULL,"13500","13716.36","11750","16498.05",NULL,"0","0","71.087","0","0","1636613418.3316479","508405197.46","1514160000000"
"477","22",NULL,"2018-01-01 00:00:00",NULL,NULL,"13715.65","16150.03","12750","17176.24",NULL,"0","0","73.028","0","0","1828148890.854119","637290802.538","1514764800000"
"478","22",NULL,"2018-01-08 00:00:00",NULL,NULL,"16218.85","13474.99","11400","16322.3",NULL,"0","0","65.792","0","0","1919927016.0206213","772973690.95","1515369600000"
"479","22",NULL,"2018-01-15 00:00:00",NULL,NULL,"13477.98","11530","9035","14249.99",NULL,"0","0","60.087","0","0","3434833014.703798","1015316138.003","1515974400000"
"480","22",NULL,"2018-01-22 00:00:00",NULL,NULL,"11530","11879.95","9900.24","12244",NULL,"0","0","60.239","0","0","2184045152.496221","1166358888.548","1516579200000"
"481","22",NULL,"2018-01-29 00:00:00",NULL,NULL,"11879.95","8184.81","7930","11975.02",NULL,"0","0","53.106","0","0","1896352538.6706731","1296439085.972","1517184000000"
"482","22",NULL,"2018-02-05 00:00:00",NULL,NULL,"8179.99","8063.88","6000.01","9065.78",NULL,"0","0","51.145","0","0","2608962030.9285064","1477113700.571","1517788800000"
"483","22",NULL,"2018-02-12 00:00:00",NULL,NULL,"8063.82","10383.43","8053","11274",NULL,"0","0","57.108","0","0","3026660454.8544908","1684259953.292","1518393600000"
"484","22",NULL,"2018-02-19 00:00:00",NULL,NULL,"10375.01","9590","9274.8","11786.01",NULL,"0","0","52.525","0","0","3657589238.5328994","1935066766.296","1518998400000"
"485","22",NULL,"2018-02-26 00:00:00",NULL,NULL,"9590","11515","9350","11565",NULL,"0","0","53.781","0","0","1967477246.427072","2058440946.902","1519603200000"
"486","22",NULL,"2018-03-05 00:00:00",NULL,NULL,"11515","9533.57","8329","11710",NULL,"0","0","47.411","0","0","2719942892.647309","2217489590.911","1520208000000"
"487","22",NULL,"2018-03-12 00:00:00",NULL,NULL,"9533.57","8189.99","7322","9888.88",NULL,"0","0","38.478","0","0","2657745291.1090126","2334312240.005","1520812800000"
"488","22",NULL,"2018-03-19 00:00:00",NULL,NULL,"8189","8470.15","8088.4","9177.01",NULL,"0","0","29.579","0","0","2464528929.914906","2428664708.186","1521417600000"
"489","22",NULL,"2018-03-26 00:00:00",NULL,NULL,"8470.14","6813.01","6430","8514.89",NULL,"0","0","34.618","0","0","2276980709.5920525","2448557630.363","1522022400000"
"490","22",NULL,"2018-04-02 00:00:00",NULL,NULL,"6813.01","7018","6500","7520",NULL,"0","0","34.584","0","0","1616723766.0660725","2447136940.916","1522627200000"
"491","22",NULL,"2018-04-09 00:00:00",NULL,NULL,"7011.04","8355","6611","8429.54",NULL,"0","-1321.113","31.106","723.327","2044.44","1959208437.5356402","2456498337.107","1523232000000"
"492","22",NULL,"2018-04-16 00:00:00",NULL,NULL,"8355.07","8787.02","7825.4","9035",NULL,"0","-1134.969","37.251","625.729","1760.698","1952372499.3863933","2458815871.633","1523836800000"
"493","22",NULL,"2018-04-23 00:00:00",NULL,NULL,"8785.7","9419","8651.62","9759.82",NULL,"0","-934.521","43.817","592.546","1527.068","2812613536.4815593","2414371623.189","1524441600000"
"494","22",NULL,"2018-04-30 00:00:00",NULL,NULL,"9417.04","9659.01","8800.49","10020",NULL,"0","-758.5","43.453","578.942","1337.442","2089890919.300103","2407646320.818","1525046400000"
"495","22",NULL,"2018-05-07 00:00:00",NULL,NULL,"9661.02","8679.71","8153","9689.67",NULL,"0","-683.102","51.737","483.565","1166.667","1995981257.4347427","2414762657.872","1525651200000"
"496","22",NULL,"2018-05-14 00:00:00",NULL,NULL,"8679.71","8526.98","7911.9","8879.99",NULL,"0","-620.417","51.622","391.146","1011.563","1528659945.0791533","2337598223.169","1526256000000"
"497","22",NULL,"2018-05-21 00:00:00",NULL,NULL,"8526.97","7338.99","7231.11","8595.31",NULL,"0","-633.641","38.421","219.511","853.152","1473706966.3342865","2226672973.989","1526860800000"
"498","22",NULL,"2018-05-28 00:00:00",NULL,NULL,"7338.99","7714.26","7032.95","7786.69",NULL,"0","-592.543","42.632","112.474","705.017","1580400448.7295191","2078302346.146","1527465600000"
"499","22",NULL,"2018-06-04 00:00:00",NULL,NULL,"7714.26","6764.99","6622.81","7765",NULL,"0","-602.729","29.792","-48.394","554.335","1574558979.8373327","2050236755.675","1528070400000"
"500","22",NULL,"2018-06-11 00:00:00",NULL,NULL,"6765","6449.61","6118.68","6922",NULL,"0","-602.697","34.713","-199.037","403.66","1532387822.7080858","1965411393.536","1528675200000"
"501","22",NULL,"2018-06-18 00:00:00",NULL,NULL,"6444.06","6136.97","5750","6841.74",NULL,"0","-594.715","38.665","-339.734","254.981","1493387501.4582708","1882242979.99","1529280000000"
"502","22",NULL,"2018-06-25 00:00:00",NULL,NULL,"6137.95","6356.81","5780","6528.99",NULL,"0","-546.832","38.253","-428.558","118.274","1282960927.4924057","1797845265.531","1529884800000"
"503","22",NULL,"2018-07-02 00:00:00",NULL,NULL,"6360.82","6712.1","6271.62","6818.16",NULL,"0","-466.557","49.344","-464.923","1.634","1393368254.076007","1734730090.137","1530489600000"
"504","22",NULL,"2018-07-09 00:00:00",NULL,NULL,"6712.1","6353.01","6070","6802.06",NULL,"0","-414.717","45.763","-516.762","-102.045","1225870847.4731443","1706812024.523","1531094400000"
"505","22",NULL,"2018-07-16 00:00:00",NULL,NULL,"6354.15","7394.79","6330.4","7700",NULL,"0","-293.07","43.643","-468.382","-175.312","2128249956.9973235","1718886418.771","1531699200000"
"506","22",NULL,"2018-07-23 00:00:00",NULL,NULL,"7394.78","8211","7375","8491.77",NULL,"0","-147.773","46.371","-360.029","-212.256","2332298260.5844717","1746023973.142","1532304000000"
"507","22",NULL,"2018-07-30 00:00:00",NULL,NULL,"8210.99","7024.19","6882.29","8273",NULL,"8295.396","-122.762","35.899","-365.709","-242.946","2132225331.2656577","1697424815.626","1532908800000"
"508","22",NULL,"2018-08-06 00:00:00",NULL,NULL,"7024.19","6308.33","5971","7160",NULL,"8217.472","-144.12","31.318","-423.096","-278.976","2169762287.5202613","1703129913.356","1533513600000"
"509","22",NULL,"2018-08-13 00:00:00",NULL,NULL,"6308.56","6477.53","5880","6620",NULL,"8149.239","-136.61","36.502","-449.739","-313.129","2401304850.578152","1732081598.581","1534118400000"
"510","22",NULL,"2018-08-20 00:00:00",NULL,NULL,"6477.53","6700","6220","6882.54",NULL,"8092.406","-107.69","38.897","-447.741","-340.051","1870078552.6344426","1756468641.978","1534723200000"
"511","22",NULL,"2018-08-27 00:00:00",NULL,NULL,"6700","7302.01","6646.5","7345.45",NULL,"8061.41","-42.399","49.758","-393.05","-350.651","2064905776.219665","1798697128.398","1535328000000"
"512","22",NULL,"2018-09-03 00:00:00",NULL,NULL,"7302","6250.81","6111","7410",NULL,"7990.406","-63.141","41.202","-429.578","-366.436","2060238359.3451552","1832971264.871","1535932800000"
"513","22",NULL,"2018-09-10 00:00:00",NULL,NULL,"6252.26","6505","6169.68","6584.99",NULL,"7932.155","-53.27","48.294","-433.024","-379.754","1455546755.8541198","1824470391.729","1536537600000"
"514","22",NULL,"2018-09-17 00:00:00",NULL,NULL,"6500.08","6708","6123","6839.03",NULL,"7884.149","-27.873","51.72","-414.595","-386.722","1590443498.5932746","1828617225.721","1537142400000"
"515","22",NULL,"2018-09-24 00:00:00",NULL,NULL,"6706.81","6626.57","6325.02","6814.8",NULL,"7834.832","-12.164","53.363","-401.927","-389.763","1592066012.4053094","1835665690.789","1537747200000"
"516","22",NULL,"2018-10-01 00:00:00",NULL,NULL,"6626.57","6615.26","6430","6697",NULL,"7787.006","1.151","51.828","-388.325","-389.475","931813926.7749727","1810583762.166","1538352000000"
"517","22",NULL,"2018-10-08 00:00:00",NULL,NULL,"6615.26","6339.34","6205","6715.6",NULL,"7730.235","-4.622","47.334","-395.253","-390.631","1068868812.2791338","1787405230.609","1538956800000"
"518","22",NULL,"2018-10-15 00:00:00",NULL,NULL,"6339.34","6590.11","6300","7680",NULL,"7685.524","11.567","51.723","-376.172","-387.739","1434684785.8510528","1802320511.922","1539561600000"
"519","22",NULL,"2018-10-22 00:00:00",NULL,NULL,"6590.12","6489.93","6453","6639",NULL,"7638.638","18.25","42.384","-364.927","-383.177","494030438.14773756","1685590546.29","1540166400000"
"520","22",NULL,"2018-10-29 00:00:00",NULL,NULL,"6489.93","6485.85","6245.02","6525",NULL,"7593.431","24.714","33.181","-352.284","-376.998","459573574.67943704","1551824497.296","1540771200000"
"521","22",NULL,"2018-11-05 00:00:00",NULL,NULL,"6485.85","6449.81","6355","6615.15",NULL,"7548.583","28.608","42.78","-341.239","-369.846","494186439.10114735","1434821719.285","1541376000000"
"522","22",NULL,"2018-11-12 00:00:00",NULL,NULL,"6450.71","5662","5403.42","6498",NULL,"7474.599","-17.356","42.02","-391.542","-374.185","1193362837.9036088","1365078901.455","1541980800000"
"523","22",NULL,"2018-11-19 00:00:00",NULL,NULL,"5661.94","4085.78","3652.66","5664",NULL,"7341.704","-142.435","28.084","-552.229","-409.794","2227689691.7363706","1352677818.68","1542585600000"
"524","22",NULL,"2018-11-26 00:00:00",NULL,NULL,"4088.69","4161.01","3689.12","4450.38",NULL,"7216.971","-204.828","26.09","-665.829","-461.001","1958210804.8945973","1358972979.556","1543190400000"
"525","22",NULL,"2018-12-03 00:00:00",NULL,NULL,"4160.55","3545.37","3222","4179",NULL,"7072.987","-268.283","14.713","-796.355","-528.072","1482749121.2938979","1317390361.347","1543795200000"
"526","22",NULL,"2018-12-10 00:00:00",NULL,NULL,"3548.49","3228.67","3156.26","3610",NULL,"6922.229","-309.389","17.068","-914.808","-605.419","836152010.4252874","1229955622.139","1544400000000"
"527","22",NULL,"2018-12-17 00:00:00",NULL,NULL,"3229.22","3929.71","3216","4139.99",NULL,"6804.876","-268.676","24.428","-941.264","-672.588","1847570818.3619862","1257957340.889","1545004800000"
"528","22",NULL,"2018-12-24 00:00:00",NULL,NULL,"3929.71","3801.91","3535","4198",NULL,"6687.112","-231.097","20.706","-961.46","-730.362","1265644273.2709773","1234757396.223","1545609600000"
"529","22",NULL,"2018-12-31 00:00:00",NULL,NULL,"3803.12","3987.6","3630.33","4027.71",NULL,"6581.249","-176.921","23.946","-951.513","-774.593","814657329.2561297","1179228204.57","1546214400000"
"530","22",NULL,"2019-01-07 00:00:00",NULL,NULL,"3987.62","3476.81","3441.3","4069.8",NULL,"6459.506","-159.225","21.796","-973.624","-814.399","927969289.1543045","1178953587.597","1546819200000"
"531","22",NULL,"2019-01-14 00:00:00",NULL,NULL,"3477.56","3539.28","3467.02","3720",NULL,"6344.988","-128.375","23.833","-974.868","-846.493","716452001.8777007","1153780958.282","1547424000000"
"532","22",NULL,"2019-01-21 00:00:00",NULL,NULL,"3539.26","3550.84","3434.85","3662.94",NULL,"6235.413","-93.855","20.269","-963.811","-869.956","549194588.0437918","1090531658.439","1548028800000"
"533","22",NULL,"2019-01-28 00:00:00",NULL,NULL,"3550.05","3458.11","3349.92","3557.75",NULL,"6126.499","-65.284","20.298","-951.562","-886.277","642262558.3385054","1101119667.024","1548633600000"
"534","22",NULL,"2019-02-04 00:00:00",NULL,NULL,"3458.11","3680.06","3373.1","3733.58",NULL,"6030.56","-21.71","23.638","-913.415","-891.705","696930950.5751894","1118073765.302","1549238400000"
"535","22",NULL,"2019-02-11 00:00:00",NULL,NULL,"3679.75","3667.58","3568.11","3700.11",NULL,"5937.895","14.072","23.743","-874.115","-888.187","608476271.5498095","1126237324.763","1549843200000"
"536","22",NULL,"2019-02-18 00:00:00",NULL,NULL,"3667.62","3743.56","3655","4198",NULL,"5851.842","48.709","29.085","-827.301","-876.01","1179944577.934646","1125278877.622","1550448000000"
"537","22",NULL,"2019-02-25 00:00:00",NULL,NULL,"3743.56","3807.75","3677.17","3888",NULL,"5771.682","79.947","45.478","-776.075","-856.023","726304516.1142129","1018037079.364","1551052800000"
"538","22",NULL,"2019-03-04 00:00:00",NULL,NULL,"3807.32","3916.82","3670.69","3971.75",NULL,"5698.942","110.101","46.072","-718.396","-828.497","799736773.6725284","935288934.276","1551657600000"
"539","22",NULL,"2019-03-11 00:00:00",NULL,NULL,"3915.99","3981.14","3810.43","4056.98",NULL,"5631.577","134.887","58.522","-659.888","-794.776","725510328.9612997","881200449.11","1552262400000"
"540","22",NULL,"2019-03-18 00:00:00",NULL,NULL,"3981.85","3992.18","3880.01","4069.32",NULL,"5567.287","151.302","66.959","-605.648","-756.95","624615988.9141761","866090733.288","1552867200000"
"541","22",NULL,"2019-03-25 00:00:00",NULL,NULL,"3991.35","4103.95","3888.71","4140",NULL,"5509.901","167.693","55.242","-547.334","-715.027","715252731.25725","785210869.923","1553472000000"
"542","22",NULL,"2019-04-01 00:00:00",NULL,NULL,"4102.44","5170.27","4067","5275.01",NULL,"5496.583","243.744","76.311","-410.346","-654.091","2046260260.7283068","840969154.741","1554076800000"
"543","22",NULL,"2019-04-08 00:00:00",NULL,NULL,"5170.27","5131.3","4861.22","5422",NULL,"5482.258","282.111","73.306","-301.452","-583.563","1271184321.404522","873578225.609","1554681600000"
"544","22",NULL,"2019-04-15 00:00:00",NULL,NULL,"5131.28","5256.14","4950","5333.42",NULL,"5473.39","304.657","93.027","-202.742","-507.399","875025579.9790536","869796532.096","1555286400000"
"545","22",NULL,"2019-04-22 00:00:00",NULL,NULL,"5257.41","5307.52","5102","5600",NULL,"5466.886","310.722","92.989","-118.996","-429.718","1329057592.8265839","913554074.307","1555891200000"
"546","22",NULL,"2019-04-29 00:00:00",NULL,NULL,"5309.81","5775.62","5178.8","5900",NULL,"5478.993","332.026","94.263","-14.686","-346.712","1069857115.7025937","950744254.854","1556496000000"
"547","22",NULL,"2019-05-06 00:00:00",NULL,NULL,"5773.18","6967.31","5619.14","7521.78",NULL,"5537.358","407.185","98.576","162.27","-244.916","2043227205.8384933","1050813158.247","1557100800000"
"548","22",NULL,"2019-05-13 00:00:00",NULL,NULL,"6968.24","8148.48","6870","8366",NULL,"5639.755","510.561","98.875","393.285","-117.275","3556014747.6342974","1255033429.466","1557705600000"
"549","22",NULL,"2019-05-20 00:00:00",NULL,NULL,"8147.94","8614.43","7461","8740",NULL,"5756.409","579.395","99.224","606.968","27.573","2706217167.1788926","1404872064.868","1558310400000"
"550","22",NULL,"2019-05-27 00:00:00",NULL,NULL,"8612.54","8725.98","8005","9074.26",NULL,"5872.863","599.034","99.23","776.365","177.332","2508992950.9444757","1499804091.511","1558915200000"
"551","22",NULL,"2019-06-03 00:00:00",NULL,NULL,"8726","7628.13","7444.58","8800.95",NULL,"5941.697","508.262","81.345","812.659","304.397","2321265141.037009","1613729850.434","1559520000000"
"552","22",NULL,"2019-06-10 00:00:00",NULL,NULL,"7627.57","8953.33","7511","9333",NULL,"6059.8","506.519","84.449","937.546","431.027","2290974623.73244","1720246839.724","1560124800000"
"553","22",NULL,"2019-06-17 00:00:00",NULL,NULL,"8953","10906.07","8950","11392.64",NULL,"6249.85","599.565","87.641","1180.483","580.918","3761392791.593737","1937095587.055","1560729600000"
"554","22",NULL,"2019-06-24 00:00:00",NULL,NULL,"10905.95","10854.1","10525.1","13970",NULL,"6430.409","617.841","87.134","1353.219","735.378","8152194088.574193","2474779737.031","1561334400000"
"555","22",NULL,"2019-07-01 00:00:00",NULL,NULL,"10854.1","11406.24","9727","12000",NULL,"6625.539","625.44","87.719","1517.178","891.738","5704614704.935866","2831162735.151","1561939200000"
"556","22",NULL,"2019-07-08 00:00:00",NULL,NULL,"11410","10174.18","10103","13147.08",NULL,"6764.702","510.659","75.412","1530.062","1019.403","6013145209.00872","3114511660.028","1562544000000"
"557","22",NULL,"2019-07-15 00:00:00",NULL,NULL,"10174.18","10589.45","9060","11100",NULL,"6914.692","429.155","76.698","1555.846","1126.692","4956031258.620161","3377715012.686","1563148800000"
"558","22",NULL,"2019-07-22 00:00:00",NULL,NULL,"10590.15","9541.54","9165","10683.16",NULL,"7017.706","278.425","69.226","1474.723","1196.298","2669509015.232091","3505892400.919","1563753600000"
"559","22",NULL,"2019-07-29 00:00:00",NULL,NULL,"9541.54","10929.23","9395","11040",NULL,"7171.099","247.009","72.521","1505.059","1258.05","2646182927.6158624","3599972781.975","1564358400000"
"560","22",NULL,"2019-08-05 00:00:00",NULL,NULL,"10929.99","11549.97","10927.8","12330.7",NULL,"7342.819","242.513","72.853","1561.192","1318.678","4345174154.729532","3833923999.048","1564963200000"
"561","22",NULL,"2019-08-12 00:00:00",NULL,NULL,"11539.08","10306.78","9750","11577.89",NULL,"7459.053","135.623","63.163","1488.207","1352.584","2598294179.2324157","3873571640.005","1565568000000"
"562","22",NULL,"2019-08-19 00:00:00",NULL,NULL,"10306.17","10142.69","9762","10949.96",NULL,"7564.294","38.714","58.545","1400.976","1362.263","2394985938.283767","3790641010.766","1566172800000"
"563","22",NULL,"2019-08-26 00:00:00",NULL,NULL,"10142.69","9724.98","9320","10604",NULL,"7649.026","-63.133","54.779","1283.346","1346.479","2087949081.1662169","3746479004.622","1566777600000"
"564","22",NULL,"2019-09-02 00:00:00",NULL,NULL,"9723.59","10381.18","9712.5","10905.87",NULL,"7756.17","-94.058","56.803","1228.907","1322.965","2937882776.0814943","3777113992.132","1567382400000"
"565","22",NULL,"2019-09-09 00:00:00",NULL,NULL,"10381.24","10302.01","9880","10480",NULL,"7856.007","-125.624","61.995","1165.935","1291.559","2120624279.6818721","3762782502.035","1567987200000"
"566","22",NULL,"2019-09-16 00:00:00",NULL,NULL,"10303.34","10028.87","9653","10355",NULL,"7941.217","-168.03","55.328","1081.522","1249.551","1906343743.6461415","3735308867.743","1568592000000"
"567","22",NULL,"2019-09-23 00:00:00",NULL,NULL,"10028.05","8043.82","7750","10049.99",NULL,"7945.24","-323.873","35.867","844.709","1168.583","3105752375.229093","3688477409.431","1569196800000"
"568","22",NULL,"2019-09-30 00:00:00",NULL,NULL,"8043.04","7854.25","7710","8500",NULL,"7941.672","-427.327","35.386","634.424","1061.751","1946744856.5708692","3245231035.717","1569801600000"
"569","22",NULL,"2019-10-07 00:00:00",NULL,NULL,"7855.3","8275.01","7762","8779.51",NULL,"7954.744","-452.596","34.549","496.006","948.602","2342638084.5951705","3005089848.55","1570406400000"
"570","22",NULL,"2019-10-14 00:00:00",NULL,NULL,"8275.24","8223.35","7816.01","8403",NULL,"7965.278","-456.654","39.104","377.785","834.439","1772929260.8662167","2702217280.825","1571011200000"
"571","22",NULL,"2019-10-21 00:00:00",NULL,NULL,"8223.35","9529.93","7300","10370",NULL,"8026.637","-359.483","44.618","385.085","744.568","4412131949.683102","2663367330.187","1571616000000"
"572","22",NULL,"2019-10-28 00:00:00",NULL,NULL,"9528.23","9194.71","8913","9902.1",NULL,"8072.444","-307.915","48.101","359.675","667.589","3288114749.75205","2707553454.081","1572220800000"
"573","22",NULL,"2019-11-04 00:00:00",NULL,NULL,"9196.46","9039.47","8696","9513.68",NULL,"8110.366","-275.444","38.037","323.284","598.728","2687414282.870266","2710498550.885","1572825600000"
"574","22",NULL,"2019-11-11 00:00:00",NULL,NULL,"9040.16","8502.4","8350.68","9072.32",NULL,"8125.74","-280.387","30.501","248.245","528.631","2074354316.3498197","2548297133.858","1573430400000"
"575","22",NULL,"2019-11-18 00:00:00",NULL,NULL,"8502.87","6903.28","6790","8503.52",NULL,"8077.8","-375.657","29.172","59.06","434.717","3194974913.596575","2590917186.312","1574035200000"
"576","22",NULL,"2019-11-25 00:00:00",NULL,NULL,"6900.23","7390.89","6515","7850",NULL,"8050.863","-388.524","33.802","-50.938","337.586","3668731159.5846167","2681898987.834","1574640000000"
"577","22",NULL,"2019-12-02 00:00:00",NULL,NULL,"7391.5","7510.11","7067","7750",NULL,"8029.657","-371.691","36.487","-127.027","244.664","2440852073.6477933","2707106344.44","1575244800000"
"578","22",NULL,"2019-12-09 00:00:00",NULL,NULL,"7510.11","7118.59","7008.35","7650",NULL,"7993.929","-368.872","29.431","-216.426","152.446","1829594877.0505176","2627942923.08","1575849600000"
"579","22",NULL,"2019-12-16 00:00:00",NULL,NULL,"7119.6","7501.44","6435","7518.54",NULL,"7974.615","-324.725","32.995","-253.461","71.264","2377549933.3807735","2646294755.487","1576454400000"
"580","22",NULL,"2019-12-23 00:00:00",NULL,NULL,"7500.71","7388.24","7076.42","7695.38",NULL,"7951.62","-287.906","33.649","-288.618","-0.712","1960970043.822613","2650196634.071","1577059200000"
"581","22",NULL,"2019-12-30 00:00:00",NULL,NULL,"7388.43","7358.75","6871.04","7495",NULL,"7928.37","-251.612","44.402","-315.227","-63.615","1751045575.9710777","2553431862.696","1577664000000"
"582","22",NULL,"2020-01-06 00:00:00",NULL,NULL,"7357.64","8184.98","7346.76","8455",NULL,"7938.434","-162.365","52.448","-266.572","-104.206","3978362245.8603864","2698547390.502","1578268800000"
"583","22",NULL,"2020-01-13 00:00:00",NULL,NULL,"8184.97","8701.7","8055.89","9198.98",NULL,"7968.366","-63.99","53.114","-184.194","-120.204","4075229206.683569","2822303899.223","1578873600000"
"584","22",NULL,"2020-01-20 00:00:00",NULL,NULL,"8701.72","8615","8238","8818",NULL,"7993.724","-3.413","52.843","-124.47","-121.057","2139257584.5757425","2848470208.059","1579478400000"
"585","22",NULL,"2020-01-27 00:00:00",NULL,NULL,"8614.39","9331.51","8535","9578",NULL,"8046.186","81.564","48.424","-19.102","-100.666","3344610390.0331926","2772218668.084","1580083200000"
"586","22",NULL,"2020-02-03 00:00:00",NULL,NULL,"9331.59","10151.75","9093.01","10166",NULL,"8128.757","183.814","57.056","129.102","-54.712","3508270140.595099","2787944053.144","1580688000000"
"587","22",NULL,"2020-02-10 00:00:00",NULL,NULL,"10151.72","9917.27","9638.12","10500",NULL,"8198.895","223.801","56.397","225.039","1.238","4316211115.182318","2904286684.024","1581292800000"
"588","22",NULL,"2020-02-17 00:00:00",NULL,NULL,"9910.7","9936.4","9350","10250",NULL,"8267.032","238.342","61.304","299.166","60.824","3518226163.3166637","3007420387.379","1581897600000"
"589","22",NULL,"2020-02-24 00:00:00",NULL,NULL,"9936.4","8531.88","8411","9990",NULL,"8277.419","144.774","63.244","241.791","97.017","3834682199.6015034","3053113764.95","1582502400000"
"590","22",NULL,"2020-03-02 00:00:00",NULL,NULL,"8530.3","8033.31","8000","9188",NULL,"8267.846","45.836","55.215","154.312","108.476","3340552932.0353546","3029672462.983","1583107200000"
"591","22",NULL,"2020-03-09 00:00:00",NULL,NULL,"8034.76","5361.3","3782.13","8179.31",NULL,"8153.863","-190.09","37.668","-129.136","60.954","7415770282.10866","3385023763.587","1583712000000"
"592","22",NULL,"2020-03-16 00:00:00",NULL,NULL,"5360.33","5816.19","4442.12","6900",NULL,"8062.19","-299.524","42.579","-313.452","-13.927","6710917850.66102","3733689690.273","1584316800000"
"593","22",NULL,"2020-03-23 00:00:00",NULL,NULL,"5816.05","5881.42","5688","6957.96",NULL,"7976.67","-348.124","40.423","-449.083","-100.959","4963224056.186818","3918380699.045","1584921600000"
"594","22",NULL,"2020-03-30 00:00:00",NULL,NULL,"5880.5","6772.78","5857.76","7198",NULL,"7929.458","-302.532","46.668","-479.123","-176.591","4388764837.975918","4091794612.913","1585526400000"
"595","22",NULL,"2020-04-06 00:00:00",NULL,NULL,"6772.78","6903.79","6739.98","7459.69",NULL,"7889.236","-248.125","47.564","-486.748","-238.623","4149639337.0034943","4263122738.701","1586131200000"
"596","22",NULL,"2020-04-13 00:00:00",NULL,NULL,"6903.79","7120.74","6468.27","7293.08",NULL,"7859.099","-184.996","43.904","-469.868","-284.872","3470075398.328409","4226816535.306","1586736000000"
"597","22",NULL,"2020-04-20 00:00:00",NULL,NULL,"7121.4","7693.1","6751","7738",NULL,"7852.589","-96.607","44.259","-405.631","-309.024","3396617806.4314218","4178344292.431","1587340800000"
"598","22",NULL,"2020-04-27 00:00:00",NULL,NULL,"7693.1","8894.16","7606","9460",NULL,"7893.435","43.324","51.41","-254.868","-298.193","6374997759.196763","4480897162.047","1587945600000"
"599","22",NULL,"2020-05-04 00:00:00",NULL,NULL,"8894.15","8722.77","8117","10067",NULL,"7925.958","120.54","46.746","-147.517","-268.057","7191007480.438996","4755639811.362","1588550400000"
"600","22",NULL,"2020-05-11 00:00:00",NULL,NULL,"8722.77","9680.04","8200","9939",NULL,"7994.746","226.153","47.515","14.634","-211.519","6639127977.318728","4979272513.985","1589155200000"
"601","22",NULL,"2020-05-18 00:00:00",NULL,NULL,"9681.11","8720.34","8700","9950",NULL,"8023.2","221.177","44.142","64.952","-156.225","4856615582.538332","5017872833.082","1589760000000"
"602","22",NULL,"2020-05-25 00:00:00",NULL,NULL,"8718.14","9448.27","8642.72","9740",NULL,"8079.085","254.342","47.766","161.703","-92.639","3923220452.2965627","5046800996.58","1590364800000"
"603","22",NULL,"2020-06-01 00:00:00",NULL,NULL,"9448.27","9746.99","9266","10380",NULL,"8144.493","281.705","56.188","259.492","-22.213","4156656856.710649","5069799186.374","1590969600000"
"604","22",NULL,"2020-06-08 00:00:00",NULL,NULL,"9746.99","9342.1","9113","9992.72",NULL,"8191.458","258.451","56.729","300.851","42.4","3222940574.5708337","5061398303.698","1591574400000"
"605","22",NULL,"2020-06-15 00:00:00",NULL,NULL,"9342.1","9294.69","8910.45","9589",NULL,"8234.722","226.916","77.699","326.044","99.129","3025511745.348797","4747808408.215","1592179200000"
"606","22",NULL,"2020-06-22 00:00:00",NULL,NULL,"9294.69","9116.35","8833","9780",NULL,"8269.296","182.969","74.182","327.84","144.871","3199982407.720629","4497027305.148","1592784000000"
"607","22",NULL,"2020-06-29 00:00:00",NULL,NULL,"9116.16","9069.41","8893.03","9292",NULL,"8300.673","141.517","73.423","321.767","180.25","2255910006.086825","4303647730.14","1593388800000"
"608","22",NULL,"2020-07-06 00:00:00",NULL,NULL,"9069.41","9302.75","9055.92","9470",NULL,"8339.97","121.365","70.578","331.956","210.591","2642350802.5796742","4178903870.469","1593993600000"
"609","22",NULL,"2020-07-13 00:00:00",NULL,NULL,"9303.31","9208.99","9047.25","9343.82",NULL,"8374.049","94.468","68.864","328.676","234.208","2275998962.741705","4045072415.165","1594598400000"
"610","22",NULL,"2020-07-20 00:00:00",NULL,NULL,"9208.99","9931.54","9131","10111",NULL,"8435.127","116.634","71.244","380.001","263.367","3295996462.1417675","4032638205.437","1595203200000"
"611","22",NULL,"2020-07-27 00:00:00",NULL,NULL,"9931.54","11071.35","9917.21","12123.46",NULL,"8538.509","194.752","73.515","506.806","312.055","7048671346.493502","4293499172.585","1595808000000"
"612","22",NULL,"2020-08-03 00:00:00",NULL,NULL,"11071.36","11681.68","10936","11909.94",NULL,"8661.77","269.61","71.142","649.067","379.457","4646926089.61999","4170065481.9","1596412800000"
"613","22",NULL,"2020-08-10 00:00:00",NULL,NULL,"11681.69","11911","11125","12067.35",NULL,"8789.191","313.572","73.971","771.422","457.85","5471151052.231874","4047218594.171","1597017600000"
"614","22",NULL,"2020-08-17 00:00:00",NULL,NULL,"11910.99","11648.13","11376.81","12468",NULL,"8901.306","303.738","66.522","837.523","533.785","5061638056.366496","3934540742.675","1597622400000"
"615","22",NULL,"2020-08-24 00:00:00",NULL,NULL,"11648.12","11711.16","11117.64","11824.9",NULL,"9011.497","280.808","79.558","884.795","603.987","4078471242.6749406","3878959004.113","1598227200000"
"616","22",NULL,"2020-08-31 00:00:00",NULL,NULL,"11711.17","10256.2","9825","12050.85",NULL,"9060.309","153.357","56.981","795.683","642.326","6357675711.972731","4052848665.519","1598832000000"
"617","22",NULL,"2020-09-07 00:00:00",NULL,NULL,"10255.89","10332.83","9850","10580.11",NULL,"9110.211","64.469","55.264","722.912","658.443","3756191422.9266324","4024243991.677","1599436800000"
"618","22",NULL,"2020-09-14 00:00:00",NULL,NULL,"10332.84","10920.28","10212.34","11179.79",NULL,"9181.194","36.862","63.731","704.521","667.659","4052903078.381216","4083527027.663","1600041600000"
"619","22",NULL,"2020-09-21 00:00:00",NULL,NULL,"10920.28","10774.25","10136.82","10988.86",NULL,"9243.667","2.22","62.656","670.434","668.214","3499594157.462563","4117390057.1","1600646400000"
"620","22",NULL,"2020-09-28 00:00:00",NULL,NULL,"10774.26","10666.63","10374","10950",NULL,"9299.47","-32.569","63.423","627.503","660.072","3079535042.6297483","4108786673.879","1601251200000"
"621","22",NULL,"2020-10-05 00:00:00",NULL,NULL,"10666.62","11369.02","10525","11491",NULL,"9380.628","-13.86","67.882","642.747","656.607","3147355378.403716","4172461343.33","1601856000000"
"622","22",NULL,"2020-10-12 00:00:00",NULL,NULL,"11369.02","11503.14","11172","11720.01",NULL,"9463.864","1.167","67.378","658.065","656.898","3188831299.717626","4211495664.555","1602460800000"
"623","22",NULL,"2020-10-19 00:00:00",NULL,NULL,"11503.14","13028.83","11407.96","13350",NULL,"9603.667","101.901","74.603","784.274","682.373","5252707161.494401","4424117678.751","1603065600000"
"624","22",NULL,"2020-10-26 00:00:00",NULL,NULL,"13029.64","13761.5","12765","14100",NULL,"9766.719","200.233","74.637","932.665","732.432","6513957707.235787","4653972053.401","1603670400000"
"625","22",NULL,"2020-11-02 00:00:00",NULL,NULL,"13761.49","15475.1","13195.05","15960",NULL,"9990.577","354.05","76.38","1174.995","820.944","9752972636.00488","4847136431.223","1604275200000"
"626","22",NULL,"2020-11-09 00:00:00",NULL,NULL,"15475.1","15957","14805.54","16480",NULL,"10224.555","455.169","76.011","1389.906","934.737","8341020276.118945","5111000301.687","1604880000000"
"627","22",NULL,"2020-11-16 00:00:00",NULL,NULL,"15957","18414.43","15864","18965.9",NULL,"10545.726","642.993","81.128","1738.478","1095.485","12173051529.63962","5589707478.645","1605484800000"
"628","22",NULL,"2020-11-23 00:00:00",NULL,NULL,"18413.88","18184.99","16188","19484.21",NULL,"10845.305","702.382","81.388","1973.462","1271.08","12148026464.927427","6095878079.256","1606089600000"
"629","22",NULL,"2020-11-30 00:00:00",NULL,NULL,"18185","19359.4","18001.12","19888",NULL,"11179.191","766.145","83.183","2228.762","1462.617","10256527452.726007","6537167808.546","1606694400000"
"630","22",NULL,"2020-12-07 00:00:00",NULL,NULL,"19358.67","19174.99","17572.33","19420.91",NULL,"11492.752","740.845","93.49","2388.673","1647.828","7670610991.462734","6630948899.938","1607299200000"
"631","22",NULL,"2020-12-14 00:00:00",NULL,NULL,"19174.99","23455.52","19000","24295",NULL,"11961.88","944.301","95.383","2828.205","1883.903","14274952056.644888","7382288945.204","1607904000000"
"632","22",NULL,"2020-12-21 00:00:00",NULL,NULL,"23455.54","26281.66","21815","28422",NULL,"12523.44","1185.505","96.002","3365.784","2180.279","16891515231.046492","8299332670.394","1608508800000"
"633","22",NULL,"2020-12-28 00:00:00",NULL,NULL,"26281.54","33000.05","25880","34778.11",NULL,"13326.444","1683.415","97.759","4284.548","2601.133","18574944969.548363","9376143442.686","1609113600000"
"634","22",NULL,"2021-01-04 00:00:00",NULL,NULL,"33000.05","38150.02","28130","41950",NULL,"14299.918","2212.193","98.538","5366.375","3154.181","30894408653.64546","11362920129.187","1609718400000"
"635","22",NULL,"2021-01-11 00:00:00",NULL,NULL,"38150.02","35828.61","30420","40100",NULL,"15144.18","2250.751","90.861","5967.62","3716.869","31769417713.860428","13407353153.148","1610323200000"
"636","22",NULL,"2021-01-18 00:00:00",NULL,NULL,"35824.99","32259.9","28850","37850",NULL,"15815.385","1895.298","81.106","6085.991","4190.694","21335137260.47123","14703517864.63","1610928000000"
"637","22",NULL,"2021-01-25 00:00:00",NULL,NULL,"32259.45","33092.98","29241.72","38531.9",NULL,"16492.938","1588.111","80.705","6175.833","4587.721","24948673733.690006","16110372619.787","1611532800000"
"638","22",NULL,"2021-02-01 00:00:00",NULL,NULL,"33092.97","38795.69","32296.16","40955.51",NULL,"17367.556","1634.43","83.253","6630.758","4996.329","21599895189.58116","17187939582.812","1612137600000"
"639","22",NULL,"2021-02-08 00:00:00",NULL,NULL,"38795.69","48577.79","37988.89","49707.43",NULL,"18591.486","2156.502","86.209","7691.956","5535.454","30558163844.535442","18674024669.136","1612742400000"
"640","22",NULL,"2021-02-15 00:00:00",NULL,NULL,"48580.47","57408.57","45570.79","58352.8",NULL,"20113.725","2883.773","88.339","9140.17","6256.397","27769064381.543262","20061742105.237","1613347200000"
"641","22",NULL,"2021-02-22 00:00:00",NULL,NULL,"57412.35","45135.66","43000","57508.47",NULL,"21094.977","2348.174","70.917","9191.615","6843.441","36056079517.941505","21767672675.83","1613952000000"
"642","22",NULL,"2021-03-01 00:00:00",NULL,NULL,"45134.11","50971.75","44950.53","52640",NULL,"22266.615","2199.43","73.594","9592.729","7393.298","24017266082.750584","22615475505.675","1614556800000"
"643","22",NULL,"2021-03-08 00:00:00",NULL,NULL,"50959.11","58968.31","49274.67","61844",NULL,"23705.898","2433.822","75.955","10435.576","8001.754","28846698413.56187","23943344860.02","1615161600000"
"644","22",NULL,"2021-03-15 00:00:00",NULL,NULL,"58976.08","57351.56","53271.34","60633.43",NULL,"25025.335","2277.021","74.555","10848.03","8571.009","26483848363.71589","25287147529.467","1615766400000"
"645","22",NULL,"2021-03-22 00:00:00",NULL,NULL,"57351.56","55777.63","50427.56","58430.73",NULL,"26231.308","1880.792","71.54","10921.999","9041.207","24254500734.206223","25999972435.007","1616371200000"
"646","22",NULL,"2021-03-29 00:00:00",NULL,NULL,"55777.65","58202.01","54800.01","60200",NULL,"27485.061","1606.14","71.386","11048.882","9442.742","21438740639.10086","26324774249.868","1616976000000"
"647","22",NULL,"2021-04-05 00:00:00",NULL,NULL,"58202.01","60002.43","55473","61500",NULL,"28760.252","1378.608","69.368","11166.001","9787.394","21944712196.726185","26565471908.952","1617580800000"
"648","22",NULL,"2021-04-12 00:00:00",NULL,NULL,"59998.8","56150.01","50931.3","64854",NULL,"29834.36","828.644","63.156","10823.199","9994.555","33238307417.43094","26732893249.222","1618185600000"
"649","22",NULL,"2021-04-19 00:00:00",NULL,NULL,"56150.01","49066.77","46930","57526.81",NULL,"30588.572","-102.656","59.046","9866.235","9968.891","29936891043.815968","26601998487.076","1618790400000"
"650","22",NULL,"2021-04-26 00:00:00",NULL,NULL,"49066.76","56578.21","48753.44","58458.07",NULL,"31607.773","-292.517","65.767","9603.244","9895.761","21707164512.768623","26628571862.241","1619395200000"
"651","22",NULL,"2021-05-03 00:00:00",NULL,NULL,"56578.21","58240.84","52900","59500",NULL,"32652.207","-380.297","66.132","9420.39","9800.687","28725771451.786324","26898364556.39","1620000000000"
"652","22",NULL,"2021-05-10 00:00:00",NULL,NULL,"58240.83","46431.5","43825.39","59500",NULL,"33192.572","-1258.375","54.542","8227.718","9486.093","35228801446.48219","27871857860.455","1620604800000"
"653","22",NULL,"2021-05-17 00:00:00",NULL,NULL,"46426.83","34655.25","30000","46686",NULL,"33249.932","-2580.787","41.91","6260.109","8840.897","53866174537.68215","29536715767.108","1621209600000"
"654","22",NULL,"2021-05-24 00:00:00",NULL,NULL,"34681.44","35641.27","33379","40841",NULL,"33343.71","-3292.036","36.083","4725.852","8017.888","29203522868.25162","29639177087.587","1621814400000"
"655","22",NULL,"2021-05-31 00:00:00",NULL,NULL,"35641.26","35796.31","34153.84","39476",NULL,"33439.89","-3628.462","42.934","3482.31","7110.772","19486187883.418457","28455613399.407","1622419200000"
"656","22",NULL,"2021-06-07 00:00:00",NULL,NULL,"35796.31","39020.57","31000","39380",NULL,"33658.74","-3508.18","40.586","2725.547","6233.727","24888579254.611988","28517850054.54","1623024000000"
"657","22",NULL,"2021-06-14 00:00:00",NULL,NULL,"39020.56","35600.16","33336","41330",NULL,"33734.874","-3523.999","30.162","1828.728","5352.727","23170552929.9574","28112411091.425","1623628800000"
"658","22",NULL,"2021-06-21 00:00:00",NULL,NULL,"35600.17","34700.34","28805","35750",NULL,"33772.736","-3455.405","30.533","1033.471","4488.876","29582225083.091034","28333723714.238","1624233600000"
"659","22",NULL,"2021-06-28 00:00:00",NULL,NULL,"34702.49","35286.51","32699","36600",NULL,"33832.1","-3234.789","32.086","445.389","3680.179","16063893736.163574","27748680357.235","1624838400000"
"660","22",NULL,"2021-07-05 00:00:00",NULL,NULL,"35288.13","34258.99","32077","35293.78",NULL,"33848.84","-3026.064","28.544","-102.402","2923.663","12142509770.888031","27084663866.648","1625443200000"
"661","22",NULL,"2021-07-12 00:00:00",NULL,NULL,"34259","31778.56","31020","34678.43",NULL,"33767.653","-2921.558","25.012","-728.285","2193.273","9889122842.33198","26223550341.334","1626048000000"
"662","22",NULL,"2021-07-19 00:00:00",NULL,NULL,"31778.57","35381.02","29278","35398",NULL,"33830.922","-2492.998","31.53","-922.974","1570.024","12281627047.304798","24726644600.611","1626652800000"
"663","22",NULL,"2021-07-26 00:00:00",NULL,NULL,"35381.02","39845.44","35205.78","42599",NULL,"34066.786","-1823.102","41.399","-708.853","1114.248","22398899801.82215","24188216654.754","1627257600000"
"664","22",NULL,"2021-08-02 00:00:00",NULL,NULL,"39850.27","43794.37","37332.7","45310",NULL,"34448.259","-1065.801","37.227","-218.003","847.798","18969963699.518566","23992702310.951","1627862400000"
"665","22",NULL,"2021-08-09 00:00:00",NULL,NULL,"43794.36","46973.82","42779","48144",NULL,"34939.458","-340.093","39.074","422.682","762.775","17083554277.88681","23161115369.958","1628467200000"
"666","22",NULL,"2021-08-16 00:00:00",NULL,NULL,"46973.82","49239.22","43927.7","49757.04",NULL,"35500.233","270.214","53.341","1100.542","830.328","16753728276.4288","21841467286.383","1629072000000"
"667","22",NULL,"2021-08-23 00:00:00",NULL,NULL,"49239.22","48767.83","46250","50500",NULL,"36020.531","600.924","72.976","1581.484","980.559","14485841663.356567","19028586366.788","1629676800000"
"668","22",NULL,"2021-08-30 00:00:00",NULL,NULL,"48767.84","51756.88","46512","51900",NULL,"36637.643","958.52","74.63","2178.71","1220.19","16058724402.757395","18089672190.681","1630281600000"
"669","22",NULL,"2021-09-06 00:00:00",NULL,NULL,"51756.88","46025.24","42843.05","52920",NULL,"37005.784","755.503","63.357","2164.568","1409.065","18994715843.65674","18054567044.984","1630886400000"
"670","22",NULL,"2021-09-13 00:00:00",NULL,NULL,"46025.23","47241.75","43370","48843.2",NULL,"37407.194","653.44","61.329","2225.865","1572.425","13558597825.9357","17245282657.221","1631491200000"
"671","22",NULL,"2021-09-20 00:00:00",NULL,NULL,"47241.75","43160.9","39600","47347.25",NULL,"37632.83","280.448","60.233","1922.986","1642.537","18788601896.919964","16932286154.862","1632096000000"
"672","22",NULL,"2021-09-27 00:00:00",NULL,NULL,"43160.9","48200.01","40753.88","49228.08",NULL,"38047.229","338.573","66.43","2065.753","1727.181","12968253396.578833","15745573891.539","1632700800000"
"673","22",NULL,"2021-10-04 00:00:00",NULL,NULL,"48200.01","54659","46891","56561.31",NULL,"38698.671","753.706","70.628","2669.313","1915.607","22567545317.793793","16210120433.084","1633305600000"
"674","22",NULL,"2021-10-11 00:00:00",NULL,NULL,"54659.01","61528.33","53879","62933",NULL,"39593.952","1395.314","75.824","3659.75","2264.436","21121567502.011086","16851481699.593","1633910400000"
"675","22",NULL,"2021-10-18 00:00:00",NULL,NULL,"61528.32","60852.22","59510.63","67000",NULL,"40427.609","1660.524","78.507","4340.091","2679.567","21141785986.45504","17655243352.745","1634515200000"
"676","22",NULL,"2021-10-25 00:00:00",NULL,NULL,"60852.22","61299.8","57820","63710.63",NULL,"41246.126","1743.84","77.09","4859.367","3115.527","19208389552.551533","18150012103.119","1635120000000"
"677","22",NULL,"2021-11-01 00:00:00",NULL,NULL,"61299.81","63273.59","59405","64270",NULL,"42109.949","1802.205","75.831","5368.283","3566.078","15663897405.533567","17668940503.385","1635724800000"
"678","22",NULL,"2021-11-08 00:00:00",NULL,NULL,"63273.58","65519.1","62278","69000",NULL,"43027.955","1855.104","74.888","5884.958","4029.854","19286358161.9107","17691540107.841","1636329600000"
"679","22",NULL,"2021-11-15 00:00:00",NULL,NULL,"65519.11","58622.02","55600","66401.82",NULL,"43639.487","1314.118","62.297","5672.501","4358.383","20344773160.10561","17924484313.714","1636934400000"
"680","22",NULL,"2021-11-22 00:00:00",NULL,NULL,"58617.7","57274.88","53256.64","59444",NULL,"44174.208","780.444","58.651","5333.938","4553.494","17762591467.11147","17996545970.191","1637539200000"
"681","22",NULL,"2021-11-29 00:00:00",NULL,NULL,"57274.89","49396.33","42000.3","59176.99",NULL,"44378.997","-139.269","50.584","4379.409","4518.677","20822450911.087795","18449160916.458","1638144000000"
"682","22",NULL,"2021-12-06 00:00:00",NULL,NULL,"49396.32","50053.9","46751","51936.33",NULL,"44601.542","-707.657","48.347","3634.106","4341.763","13393900447.457172","18258816348.222","1638748800000"
"683","22",NULL,"2021-12-13 00:00:00",NULL,NULL,"50053.9","46681.23","45456","50189.97",NULL,"44683.099","-1281.635","50.667","2739.72","4021.354","12915658909.988441","17824597995.817","1639353600000"
"684","22",NULL,"2021-12-20 00:00:00",NULL,NULL,"46681.24","50775.49","45558.85","51810",NULL,"44922.016","-1349.583","53.395","2334.375","3683.958","10272926890.979763","17589907214.749","1639958400000"
"685","22",NULL,"2021-12-27 00:00:00",NULL,NULL,"50775.48","50499.99","50466.28","50974.97",NULL,"45140.76","-1372.592","57.608","1968.218","3340.81","56922320.4870277","16251930102.146","1640563200000"
